{"name":"1052d0ab-b3f7-4687-b60f-27cf492a9895","id":"/providers/Microsoft.Flow/flows/1052d0ab-b3f7-4687-b60f-27cf492a9895","type":"Microsoft.Flow/flows","properties":{"apiId":"/providers/Microsoft.PowerApps/apis/shared_logicflows","displayName":"Set OutOfOffice State in Outlook","definition":{"metadata":{"workflowEntityId":null,"processAdvisorMetadata":null,"flowChargedByPaygo":null,"flowclientsuspensionreason":"None","flowclientsuspensiontime":null,"flowclientsuspensionreasondetails":null,"creator":{"id":"41537b61-be80-4662-a77c-c4f2be1fc749","type":"User","tenantId":"3ae7c479-0cf1-47f4-8f84-929f364eff67"},"provisioningMethod":"FromDefinition","failureAlertSubscription":true,"clientLastModifiedTime":"2024-10-15T10:39:45.7302703Z","connectionKeySavedTimeKey":"2024-10-15T10:39:45.7302703Z"},"$schema":"https://schema.management.azure.com/providers/Microsoft.Logic/schemas/2016-06-01/workflowdefinition.json#","contentVersion":"1.0.0.0","parameters":{"$authentication":{"defaultValue":{},"type":"SecureObject"},"$connections":{"defaultValue":{},"type":"Object"}},"triggers":{"Start_everey_day_12:15":{"recurrence":{"frequency":"Day","interval":1,"timeZone":"W. Europe Standard Time","schedule":{"hours":["12"],"minutes":[15]}},"metadata":{"operationMetadataId":"bd133ac1-c597-4d99-8e20-adfb302cc105"},"type":"Recurrence"}},"actions":{"init_var_WeekendShift":{"runAfter":{"init_var_nextDayDate":["Succeeded"]},"metadata":{"operationMetadataId":"f23bdf8a-99fe-4c22-89d8-df9128913f0e"},"type":"InitializeVariable","inputs":{"variables":[{"name":"WeekendShift","type":"integer","value":0}]}},"init_var_OOF_EndTime":{"runAfter":{"init_var_OOF_StartTime":["Succeeded"]},"metadata":{"operationMetadataId":"ec8454f4-27ee-442e-ab0e-553e64dabb87"},"type":"InitializeVariable","inputs":{"variables":[{"name":"OOF EndTime","type":"string"}]}},"init_var_OOF_StartTime":{"runAfter":{"init_var_WeekendShift":["Succeeded"]},"metadata":{"operationMetadataId":"4961e489-12ce-4d59-82fa-fb4d185d337b"},"type":"InitializeVariable","inputs":{"variables":[{"name":"OOF StartTime","type":"string"}]}},"init_var_nextDayDate":{"runAfter":{"init_var_LoopNextDay":["Succeeded"]},"metadata":{"operationMetadataId":"a1454258-60be-4181-8287-48d81ce1675a"},"type":"InitializeVariable","inputs":{"variables":[{"name":"nextDayDate","type":"string"}]}},"init_var_FoundEventOOF":{"runAfter":{"init_var_OOFState":["Succeeded"]},"metadata":{"operationMetadataId":"0a60203d-69c9-42cf-8b41-3e0367b73e03"},"type":"InitializeVariable","inputs":{"variables":[{"name":"FoundEventOOF","type":"boolean","value":"@false"}]}},"Search_all_coherent_OOF_Events":{"actions":{"Weekend-Shift_Next_Day":{"actions":{"Select_Weekday_-_Set_WeekendShift":{"cases":{"Case_Saturday":{"case":6,"actions":{"set_var_WeekendShift_to_2_-_nextDayDate":{"type":"SetVariable","inputs":{"name":"WeekendShift","value":2}}}},"Case_Sunday":{"case":0,"actions":{"set_var_WeekendShift_to_1_-_nextDayDate":{"type":"SetVariable","inputs":{"name":"WeekendShift","value":1}}}}},"default":{"actions":{"set_var_Weekend_Shift_to_0_-_nextDayDate":{"type":"SetVariable","inputs":{"name":"WeekendShift","value":0}}}},"expression":"@dayOfWeek(variables('nextDayDate'))","metadata":{"operationMetadataId":"4c12e13e-995f-4d23-902d-4b83cffd82e0"},"type":"Switch","description":"dayOfWeek(variables('nextDayDate'))"},"calc_var_NextDayDate_+_WeekendShift":{"runAfter":{"Select_Weekday_-_Set_WeekendShift":["Succeeded"]},"metadata":{"operationMetadataId":"3bde8fe7-f571-426d-92f7-ddbb0b81b623"},"type":"Compose","inputs":"@addDays(variables('nextDayDate'),variables('WeekendShift'))","description":"addDays(variables('nextDayDate'),variables('WeekendShift'))"},"set_var_NextDayDate_+_WeekendShift":{"runAfter":{"calc_var_NextDayDate_+_WeekendShift":["Succeeded"]},"metadata":{"operationMetadataId":"347ce223-cca4-4a02-9852-bc330ac6ae28"},"type":"SetVariable","inputs":{"name":"nextDayDate","value":"@{outputs('calc_var_NextDayDate_+_WeekendShift')}"}}},"metadata":{"operationMetadataId":"540110e7-8552-491e-9dc0-445cee51b40b"},"type":"Scope"},"Get_longest_oof_Event_starting_next_WorkingDay":{"runAfter":{"Weekend-Shift_Next_Day":["Succeeded"]},"metadata":{"operationMetadataId":"ab2bae8c-5ff2-4539-b575-d3a981f93fbf"},"type":"OpenApiConnection","inputs":{"parameters":{"calendarId":"AAMkAGRjNDliMDQzLTljYmEtNGVhYS05NjczLThlNTczNDQ0YjM4MwBGAAAAAACn2PevuxHOQ5OVRSGYDc15BwAHzdhyFV39TIsCnJ-tQ95zAAAAAAEGAAAHzdhyFV39TIsCnJ-tQ95zAAAAweBLAAA=","startDateTimeUtc":"@variables('nextDayDate')","endDateTimeUtc":"@variables('nextDayDate')","$filter":"showas eq 'oof' and isAllday eq true","$orderby":"end/dateTime desc","$top":1},"host":{"apiId":"/providers/Microsoft.PowerApps/apis/shared_office365","connectionName":"shared_office365","operationId":"GetEventsCalendarViewV3"},"authentication":"@parameters('$authentication')"},"description":"Select int \"Calendar ID\" the desired calenadar"},"check_if_oof_event_found":{"actions":{"check_event_(loop_only_for_one_event)":{"foreach":"@outputs('Get_longest_oof_Event_starting_next_WorkingDay')?['body/value']","actions":{"set_var_nextDayDate_to_EndDate":{"metadata":{"operationMetadataId":"3998059a-f9f5-4c1f-9edb-7a048e27000a"},"type":"SetVariable","inputs":{"name":"nextDayDate","value":"@items('check_event_(loop_only_for_one_event)')?['end']"}},"set_var_OOF_EndTime_to_EndTime_(nextDayDate)":{"runAfter":{"set_var_nextDayDate_to_EndDate":["Succeeded"]},"metadata":{"operationMetadataId":"12ecb682-c01c-40ce-984b-3fcba812c971"},"type":"SetVariable","inputs":{"name":"OOF EndTime","value":"@{concat(formatDateTime(variables('NextDayDate'), 'yyyy-MM-dd'), 'T05:00:00')}"},"description":"concat(formatDateTime(variables('NextDayDate'), 'yyyy-MM-dd'), 'T05:00:00')"},"set_var_LoopNextDay_to_true":{"runAfter":{"set_var_OOF_EndTime_to_EndTime_(nextDayDate)":["Succeeded"]},"metadata":{"operationMetadataId":"40d7c927-4098-4b9e-ae97-1e491d14766b"},"type":"SetVariable","inputs":{"name":"LoopNextDay","value":"@true"}},"set_var_FoundEventOOF_to_true":{"runAfter":{"set_var_LoopNextDay_to_true":["Succeeded"]},"metadata":{"operationMetadataId":"d32f0c6d-05f4-4de5-ba3b-868419217e10"},"type":"SetVariable","inputs":{"name":"FoundEventOOF","value":"@true"}}},"metadata":{"operationMetadataId":"64d9406e-efa0-48c9-b7e6-adedb3628ca6"},"type":"Foreach"}},"runAfter":{"Get_longest_oof_Event_starting_next_WorkingDay":["Succeeded"]},"else":{"actions":{"set_var_LoopNextDay_to_false":{"metadata":{"operationMetadataId":"01f9a977-5ddd-4196-96f8-6b601bd9378c"},"type":"SetVariable","inputs":{"name":"LoopNextDay","value":"@false"}}}},"expression":{"equals":["@not(empty(body('Get_longest_oof_Event_starting_next_WorkingDay')?['value']))","@true"]},"metadata":{"operationMetadataId":"6914397f-7ef9-4416-8453-74eda7fcb21d"},"type":"If","description":"not(empty(body('Get_longest_oof_Event_starting_next_WorkingDay')?['value']))"}},"runAfter":{"Set_OOF_StartTime":["Succeeded"]},"expression":"@equals(variables('LoopNextDay'), false)","limit":{"count":60,"timeout":"PT1H"},"metadata":{"operationMetadataId":"8a9fd8c2-14dd-470c-8d27-eebbb730fe57"},"type":"Until"},"Set_OOF_StartTime":{"actions":{"Check_OOFState":{"actions":{"set_var_OOFSartTime_to_actual_value":{"metadata":{"operationMetadataId":"f26de51e-8deb-417d-a6fa-c3c96cb9a791"},"type":"SetVariable","inputs":{"name":"OOF StartTime","value":"@body('convert_actual_StartTime_to_WE-Timezone')"}}},"else":{"actions":{"set_var_OOFStartTime_+_WeekendShift":{"runAfter":{"calc_var_OOFStartTime_+_WeekendShift":["Succeeded"]},"metadata":{"operationMetadataId":"347ce223-cca4-4a02-9852-bc330ac6ae28"},"type":"SetVariable","inputs":{"name":"OOF StartTime","value":"@{outputs('calc_var_OOFStartTime_+_WeekendShift')}"}},"calc_var_OOFStartTime_+_WeekendShift":{"runAfter":{"Select_Weekday_-_Set_WeekendShift_OOF_StartTime":["Succeeded"]},"metadata":{"operationMetadataId":"3bde8fe7-f571-426d-92f7-ddbb0b81b623"},"type":"Compose","inputs":"@addDays(variables('OOF StartTime'), variables('WeekendShift'))","description":"addDays(variables('OOF StartTime'), variables('WeekendShift'))"},"set_var_OOF_StartTime_to_PrevDay_at_18":{"metadata":{"operationMetadataId":"30d6826f-e2f6-4f13-ba55-a43a6ab391c8"},"type":"SetVariable","inputs":{"name":"OOF StartTime","value":"@{concat(formatDateTime(addDays(variables('NextDayDate'),-1), 'yyyy-MM-dd'), 'T18:00:00')}"},"description":"concat(formatDateTime(addDays(variables('NextDayDate'),-1), 'yyyy-MM-dd'), 'T18:00:00')"},"Select_Weekday_-_Set_WeekendShift_OOF_StartTime":{"runAfter":{"set_var_OOF_StartTime_to_PrevDay_at_18":["Succeeded"]},"cases":{"Case_Saturday-1":{"case":6,"actions":{"set_var_WeekendShift_to_-1_OOF_StartTime":{"type":"SetVariable","inputs":{"name":"WeekendShift","value":-1}}}},"Case_Sunday-1":{"case":0,"actions":{"set_var_WeekendShift_to_-2_OOF_StartTime":{"type":"SetVariable","inputs":{"name":"WeekendShift","value":-2}}}}},"default":{"actions":{"set_var_WeekendShift_to_0_OOF_StartTime":{"type":"SetVariable","inputs":{"name":"WeekendShift","value":0}}}},"expression":"@dayOfWeek(variables('OOF StartTime'))","metadata":{"operationMetadataId":"4c12e13e-995f-4d23-902d-4b83cffd82e0"},"type":"Switch","description":"dayOfWeek(variables('OOF StartTime'))"}}},"expression":{"equals":["@variables('OOFState')","@true"]},"metadata":{"operationMetadataId":"07531a58-172b-414e-87e9-9cdf0b88aeba"},"type":"If"}},"runAfter":{"Get_actual_settings_automatic_reply":["Succeeded"]},"metadata":{"operationMetadataId":"540110e7-8552-491e-9dc0-445cee51b40b"},"type":"Scope"},"init_var_LoopNextDay":{"runAfter":{"init_var_FoundEventOOF":["Succeeded"]},"metadata":{"operationMetadataId":"a018f2b4-f74f-4d11-b715-ab292bb168ac"},"type":"InitializeVariable","inputs":{"variables":[{"name":"LoopNextDay","type":"boolean","value":"@false"}]}},"check_oof_events_found_set_automatic_replies":{"actions":{"Weekend-Shift_OOFEndTime":{"actions":{"Select_Weekday_-_Set_WeekendShift_OOF_EndTime":{"cases":{"Case_Saturday-2":{"case":6,"actions":{"set_var_WeekendShift_to_2_OOF_EndTime":{"type":"SetVariable","inputs":{"name":"WeekendShift","value":2}}}},"Case_Sunday-2":{"case":0,"actions":{"set_var_WeekendShift_to_1_OOF_EndTime":{"type":"SetVariable","inputs":{"name":"WeekendShift","value":1}}}}},"default":{"actions":{"set_var_WeekendShift__to_0_OOF_EndTime":{"type":"SetVariable","inputs":{"name":"WeekendShift","value":0}}}},"expression":"@dayOfWeek(variables('OOF EndTime'))","metadata":{"operationMetadataId":"4c12e13e-995f-4d23-902d-4b83cffd82e0"},"type":"Switch","description":"dayOfWeek(variables('OOF EndTime'))"},"calc_OOFEndTime_+_WeekendShift":{"runAfter":{"Select_Weekday_-_Set_WeekendShift_OOF_EndTime":["Succeeded"]},"metadata":{"operationMetadataId":"3bde8fe7-f571-426d-92f7-ddbb0b81b623"},"type":"Compose","inputs":"@addDays(variables('OOF EndTime'), variables('WeekendShift'))","description":"addDays(variables('OOF EndTime'), variables('WeekendShift'))"},"set_var_OOFEndTime_+_WeekendShift":{"runAfter":{"calc_OOFEndTime_+_WeekendShift":["Succeeded"]},"metadata":{"operationMetadataId":"347ce223-cca4-4a02-9852-bc330ac6ae28"},"type":"SetVariable","inputs":{"name":"OOF EndTime","value":"@{outputs('calc_OOFEndTime_+_WeekendShift')}"}},"set_var_OOFEndDate":{"runAfter":{"set_var_OOFEndTime_+_WeekendShift":["Succeeded"]},"metadata":{"operationMetadataId":"503e6373-06dc-45ae-826f-98151c229db3"},"type":"SetVariable","inputs":{"name":"OOFEndDate","value":"@{formatDateTime(variables('OOF EndTime'),'dd.MM.yyyy')}"},"description":"formatDateTime(variables('OOF EndTime'),'dd.MM.yyyy')"}},"metadata":{"operationMetadataId":"540110e7-8552-491e-9dc0-445cee51b40b"},"type":"Scope"},"Set_up_automatic_replies":{"runAfter":{"Weekend-Shift_OOFEndTime":["Succeeded"]},"metadata":{"operationMetadataId":"e4a72eda-6c01-4b5f-9709-85bb6ca07209"},"type":"OpenApiConnection","inputs":{"parameters":{"body/automaticRepliesSetting/status":"Scheduled","body/automaticRepliesSetting/externalAudience":"all","body/automaticRepliesSetting/scheduledStartDateTime/dateTime":"@variables('OOF StartTime')","body/automaticRepliesSetting/scheduledStartDateTime/timeZone":"W. Europe Standard Time","body/automaticRepliesSetting/scheduledEndDateTime/dateTime":"@variables('OOF EndTime')","body/automaticRepliesSetting/scheduledEndDateTime/timeZone":"W. Europe Standard Time","body/automaticRepliesSetting/internalReplyMessage":"Sehr geehrte Damen und Herren,<br/>\n<br/>\nVielen Dank für Ihre Nachricht. <b>Ich bin bis am @{variables('OOFEndDate')} abwesend</b>. In dieser Zeit wird Ihre E-Mail nicht gelesen.<br/>\n<br/>\nIn dringenden Fällen können Sie sich an <a href=\"mailto://cs-billing-online@post.ch \">cs-billing-online@post.ch </a> wenden.<br/>\n<br/>\nVielen Dank für Ihr Verständnis.<br/>\n<br/>\nMit freundlichen Grüssen<br/>\nLaurin Weber<br/>\nSoftware Entwickler<br/>\nBilling Online - IT12.2<br/>\n<br/>\nDie Schweizerische Post AG<br/>\nInformatik<br/>\nWebergutstrasse 12<br/>\n3030 Bern (Zollikofen)<br/>\nTelefon:  +41 (0)76 394 39 63<br/>\nE-Mail:   laurin.weber@post.ch<br/>","body/automaticRepliesSetting/externalReplyMessage":"Sehr geehrte Damen und Herren,<br/>\n<br/>\nVielen Dank für Ihre Nachricht. <b>Ich bin bis am @{variables('OOFEndDate')} abwesend</b>. In dieser Zeit wird Ihre E-Mail nicht gelesen.<br/>\n<br/>\nIn dringenden Fällen können Sie sich an <a href=\"mailto://cs-billing-online@post.ch \">cs-billing-online@post.ch </a> wenden.<br/>\n<br/>\nVielen Dank für Ihr Verständnis.<br/>\n<br/>\nMit freundlichen Grüssen<br/>\nLaurin Weber<br/>\nSoftware Entwickler<br/>\nBilling Online - IT12.2<br/>\n<br/>\nDie Schweizerische Post AG<br/>\nInformatik<br/>\nWebergutstrasse 12<br/>\n3030 Bern (Zollikofen)<br/>\nTelefon:  +41 (0)76 394 39 63<br/>\nE-Mail:   laurin.weber@post.ch<br/>"},"host":{"apiId":"/providers/Microsoft.PowerApps/apis/shared_office365","connectionName":"shared_office365","operationId":"SetAutomaticRepliesSetting_V2"},"authentication":"@parameters('$authentication')"},"description":"Edit your personal reply message"}},"runAfter":{"Search_all_coherent_OOF_Events":["Succeeded"]},"else":{"actions":{"check_if_OOFState_ist_true":{"actions":{"check_if_automatic_reply_ends_not_next_day":{"actions":{"disable_automatic_replies":{"metadata":{"operationMetadataId":"b40d52fc-7fa8-4f95-a171-f678a817b09b"},"type":"OpenApiConnection","inputs":{"parameters":{"body/automaticRepliesSetting/status":"disabled","body/automaticRepliesSetting/externalAudience":"None","body/automaticRepliesSetting/scheduledStartDateTime/timeZone":"W. Europe Standard Time","body/automaticRepliesSetting/scheduledEndDateTime/timeZone":"W. Europe Standard Time"},"host":{"apiId":"/providers/Microsoft.PowerApps/apis/shared_office365","connectionName":"shared_office365","operationId":"SetAutomaticRepliesSetting_V2"},"authentication":"@parameters('$authentication')"}}},"else":{"actions":{}},"expression":{"and":[{"not":{"equals":["@formatDateTime(body('convert_actual_EndTime_to_WE-Timezone'), 'yyyy-MM-dd')","@formatDateTime(addDays(body('Get_ActDate'),+1), 'yyyy-MM-dd')"]}},{"equals":["",""]}]},"metadata":{"operationMetadataId":"4a870645-2ba6-4157-a8dd-ade62a959388"},"type":"If","description":"compare EndDate with ActualDate +1 (nested condition because variable have values only on OOFSTAte = true"}},"else":{"actions":{}},"expression":{"equals":["@variables('OOFState')","@true"]},"metadata":{"operationMetadataId":"45ab26db-38c7-4fd5-992c-be7ff254ed81"},"type":"If"}}},"expression":{"equals":["@variables('FoundEventOOF')","@true"]},"metadata":{"operationMetadataId":"50ef374d-5c63-4b88-b909-70739211c392"},"type":"If"},"init_var_OOFEndDate":{"runAfter":{"init_var_OOF_EndTime":["Succeeded"]},"metadata":{"operationMetadataId":"b3295d84-e06c-4c32-bd10-13d986938008"},"type":"InitializeVariable","inputs":{"variables":[{"name":"OOFEndDate","type":"string"}]}},"init_var_OOFState":{"runAfter":{},"metadata":{"operationMetadataId":"0666713d-041b-49d6-b47c-a0ec557f6e33"},"type":"InitializeVariable","inputs":{"variables":[{"name":"OOFState","type":"boolean","value":"@false"}]}},"Get_actual_Date_and_set_nextDayDate_at_midnight":{"actions":{"Get_ActDate":{"metadata":{"operationMetadataId":"aecc69ad-a82c-42d8-a2b9-9a86ee8f61ac"},"type":"Expression","kind":"ConvertTimeZone","inputs":{"baseTime":"@{utcNow()}","sourceTimeZone":"UTC","destinationTimeZone":"W. Europe Standard Time","formatString":"o"},"description":"convert actdatetime to WesternEurop TimeZOne"},"set_var_nextDayDate":{"runAfter":{"Get_ActDate":["Succeeded"]},"metadata":{"operationMetadataId":"ea096363-1b50-45d1-b801-e2789eea46e5"},"type":"SetVariable","inputs":{"name":"nextDayDate","value":"@{concat(formatDateTime(addDays(body('Get_ActDate'),+1), 'yyyy-MM-dd'),'T00:00:00')}"},"description":"concat(formatDateTime(addDays(body('Get_ActDate'),+1), 'yyyy-MM-dd'),'T00:00:00')"}},"runAfter":{"init_var_OOFEndDate":["Succeeded"]},"metadata":{"operationMetadataId":"7cf18036-3708-41da-8aa7-ea464c09efe1"},"type":"Scope"},"Get_actual_settings_automatic_reply":{"actions":{"if_OOFState_ist_true":{"actions":{"Get_actual_scheduled_values":{"metadata":{"operationMetadataId":"83d76ee9-d6d0-4513-86b6-dd42dea39cc3"},"type":"OpenApiConnection","inputs":{"parameters":{"body/automaticRepliesSetting/status":"Scheduled","body/automaticRepliesSetting/externalAudience":"all"},"host":{"apiId":"/providers/Microsoft.PowerApps/apis/shared_office365","connectionName":"shared_office365","operationId":"SetAutomaticRepliesSetting_V2"},"authentication":"@parameters('$authentication')"}},"convert_actual_EndTime_to_WE-Timezone":{"runAfter":{"convert_actual_StartTime_to_WE-Timezone":["Succeeded"]},"metadata":{"operationMetadataId":"69164c9a-925a-41d3-9cd4-eacb9fb866c5"},"type":"Expression","kind":"ConvertTimeZone","inputs":{"baseTime":"@outputs('Get_actual_scheduled_values')?['body/automaticRepliesSetting/scheduledEndDateTime/dateTime']","sourceTimeZone":"UTC","destinationTimeZone":"W. Europe Standard Time","formatString":"o"}},"convert_actual_StartTime_to_WE-Timezone":{"runAfter":{"Get_actual_scheduled_values":["Succeeded"]},"metadata":{"operationMetadataId":"c7a261a6-c1ba-4b70-b687-208c9e5c1f51"},"type":"Expression","kind":"ConvertTimeZone","inputs":{"baseTime":"@outputs('Get_actual_scheduled_values')?['body/automaticRepliesSetting/scheduledStartDateTime/dateTime']","sourceTimeZone":"UTC","destinationTimeZone":"W. Europe Standard Time","formatString":"o"}}},"else":{"actions":{}},"expression":{"equals":["@variables('OOFState')","@true"]},"metadata":{"operationMetadataId":"508d1c7f-c676-451e-8045-386a6ed48aa8"},"type":"If"}},"runAfter":{"Check_actual_OOF_State_an_set_var_OOFState":["Succeeded"]},"metadata":{"operationMetadataId":"77b5d2e4-4ecc-4a80-a3eb-2d152c0b4ef7"},"type":"Scope"},"Check_actual_OOF_State_an_set_var_OOFState":{"actions":{"Get_State_of_own_Mailbox":{"metadata":{"operationMetadataId":"4f0eb5bd-993e-43ca-ad27-a871e3603229"},"type":"OpenApiConnection","inputs":{"parameters":{"body/EmailAddresses":["laurin.weber@post.ch"]},"host":{"apiId":"/providers/Microsoft.PowerApps/apis/shared_office365","connectionName":"shared_office365","operationId":"GetMailTips_V2"},"authentication":"@parameters('$authentication')"},"description":"Change the email-adress"},"set_var_OOFSTate":{"runAfter":{"Get_State_of_own_Mailbox":["Succeeded"]},"metadata":{"operationMetadataId":"5afc9075-3a5e-459c-8a1e-70fb19655d41"},"type":"SetVariable","inputs":{"name":"OOFState","value":"@not(empty(body('Get_State_of_own_Mailbox')?['value'][0]['automaticReplies']?['message']))"},"description":"not(empty(body('Get_State_of_own_Mailbox')?['value'][0]['automaticReplies']?['message']))"}},"runAfter":{"Get_actual_Date_and_set_nextDayDate_at_midnight":["Succeeded"]},"metadata":{"operationMetadataId":"536fd06a-0650-498d-be18-ca603444fa3e"},"type":"Scope"}},"description":"Flow run each day at 12:15 and set OutOfOffice State in Outlook.\nIt checks all coherent allday-events with status outofoffice from next working-day.\nIf coherent allday-event with status outofoffice are found, automatic reply is scheduled with starttime at 18 o'clock of actual day till 5 o'clock of folllowing day of last day outofoffice. \nIf automatic reply is alreday set, start-time ist not changed.\nIf no allday-event with status outofoffice is found at next workingday, automatic replay is disabled."},"connectionReferences":{"shared_office365":{"connectionName":"17265cbbc2b442f79eee0a2d4d5fe351","source":"Embedded","id":"/providers/Microsoft.PowerApps/apis/shared_office365","tier":"NotSpecified"}},"flowFailureAlertSubscribed":false,"isManaged":false}}